question,answer
How can I create a new bank account?,"You can create a new bank account by registering through the banking app, completing identity verification, and submitting the required documents."
How do I reset my login password?,You can reset your password by clicking on the Forgot Password option on the login screen and following the instructions sent to your registered email or phone number.
What should I do if my account is blocked?,"If your account is blocked, contact customer support through the app or visit the nearest bank branch for verification."
How can I check my account balance?,You can check your account balance by logging into the banking app and navigating to the Account Summary section.
How do I transfer money to another bank account?,"You can transfer money by selecting the Fund Transfer option, entering beneficiary details, and confirming the transaction using OTP verification."
What are the supported payment methods?,"The banking app supports payments through debit cards, credit cards, and direct bank transfers."
How can I view my transaction history?,You can view your transaction history by opening the Transactions section in the banking app and selecting the desired date range.
What should I do if a transaction fails?,"If a transaction fails, check your account balance and internet connection. If the issue persists, contact customer support."
How do I block my debit card?,You can block your debit card instantly by selecting the Card Management option in the app or by contacting customer support.
How can I update my personal details?,You can update your personal details such as address or phone number through the Profile section of the banking app.
Is my data secure in the banking app?,"Yes, the banking app uses encryption and multi-factor authentication to ensure the security of your personal and financial data."
How do I enable biometric login?,You can enable biometric login by going to Security Settings in the app and activating fingerprint or face recognition.
What is the daily transaction limit?,The daily transaction limit depends on your account type and can be viewed or modified in the app settings.
How can I contact customer support?,"You can contact customer support via live chat, email, or phone directly from the banking app."
How do I close my bank account?,"To close your bank account, submit a closure request through the app or visit your nearest bank branch."
